name,email,phone,company
John Doe,john.doe1@example.com,555-0001,Acme Corp
Jane Smith,jane.smith2@example.com,555-0002,Tech Solutions Inc
Michael Johnson,michael.j3@example.com,555-0003,Global Innovations
Sarah Williams,sarah.w4@example.com,555-0004,Digital Dynamics
Invalid User,not-an-email5,555-0005,Bad Data Inc
David Brown,david.brown6@example.com,555-0006,Cloud Services LLC
,empty.name7@example.com,555-0007,Missing Name Corp
Emily Davis,emily.davis8@example.com,555-0008,Enterprise Solutions
James Wilson,james.wilson9@example.com,,DataTech Industries
Robert Miller,robert.miller10@example.com,555-0010,Innovation Labs
Patricia Moore,patricia.moore11@example.com,555-0011,
Thomas Taylor,thomas.taylor12@example.com,555-0012,Software Dynamics
Invalid Email,notemail13,555-0013,Another Bad Data
Linda Anderson,linda.anderson14@example.com,555-0014,System Integrators
Christopher Thomas,chris.thomas15@example.com,555-0015,Tech Pioneers
Barbara Jackson,barbara.jackson16@example.com,,Mobile Solutions Inc
Daniel White,daniel.white17@example.com,555-0017,Analytics Pro
Jennifer Harris,jennifer.harris18@example.com,555-0018,Data Insights LLC
Matthew Martin,matthew.martin19@example.com,555-0019,Cloud Computing Co
Missing Company,missing.company20@example.com,555-0020,
Nancy Thompson,nancy.thompson21@example.com,555-0021,Business Intelligence
Ryan Garcia,ryan.garcia22@example.com,555-0022,Tech Ventures
Karen Martinez,karen.martinez23@example.com,,Software Engineers Inc
Jason Robinson,jason.robinson24@example.com,555-0024,Development Studios
,another.missing25@example.com,555-0025,No Name Industries
Kevin Clark,kevin.clark26@example.com,555-0026,AI Solutions
Lisa Rodriguez,lisa.rodriguez27@example.com,555-0027,Machine Learning Corp
Bad Format,justtext28,555-0028,Invalid Email Co
Brian Lewis,brian.lewis29@example.com,555-0029,Robotics Inc
Ashley Lee,ashley.lee30@example.com,,Automation Systems
Steven Walker,steven.walker31@example.com,555-0031,Smart Technology
Donna Hall,donna.hall32@example.com,555-0032,IoT Innovations
Paul Allen,paul.allen33@example.com,555-0033,
Mark Young,mark.young34@example.com,555-0034,Blockchain Ventures
Sandra Hernandez,sandra.hernandez35@example.com,555-0035,Crypto Solutions
Kenneth King,kenneth.king36@example.com,,FinTech Partners
Michelle Wright,michelle.wright37@example.com,555-0037,Payment Processing
Edward Lopez,edward.lopez38@example.com,555-0038,Security Systems
Betty Hill,betty.hill39@example.com,555-0039,CyberSafe Inc
No Email Name,,555-0040,Missing Email Corp
Jeffrey Scott,jeffrey.scott41@example.com,555-0041,Network Solutions
Dorothy Green,dorothy.green42@example.com,555-0042,Infrastructure LLC
Ronald Adams,ronald.adams43@example.com,,Server Management
Kimberly Baker,kimberly.baker44@example.com,555-0044,Database Systems
Timothy Gonzalez,timothy.gonzalez45@example.com,555-0045,Storage Solutions
Carol Nelson,carol.nelson46@example.com,555-0046,
Amanda Carter,amanda.carter47@example.com,555-0047,API Development
Deborah Mitchell,deborah.mitchell48@example.com,555-0048,Microservices Inc
Bad Email Format,nope@49,555-0049,Invalid Domain
Joseph Perez,joseph.perez50@example.com,555-0050,Container Tech
Laura Roberts,laura.roberts51@example.com,,Kubernetes Pro
George Turner,george.turner52@example.com,555-0052,Docker Solutions
Cynthia Phillips,cynthia.phillips53@example.com,555-0053,DevOps Experts
Raymond Campbell,raymond.campbell54@example.com,555-0054,CI CD Pipeline Co
Shirley Parker,shirley.parker55@example.com,,Automation First
Eric Evans,eric.evans56@example.com,555-0056,Testing Solutions
Virginia Edwards,virginia.edwards57@example.com,555-0057,QA Professionals
,missing.person58@example.com,555-0058,Ghost Company
Harold Collins,harold.collins59@example.com,555-0059,
Ruth Stewart,ruth.stewart60@example.com,555-0060,Design Studios
Frank Sanchez,frank.sanchez61@example.com,555-0061,UX Innovations
Another Invalid,@example62,555-0062,No Local Part
Diane Morris,diane.morris63@example.com,555-0063,UI Masters
Jeremy Rogers,jeremy.rogers64@example.com,,Frontend Experts
Alice Reed,alice.reed65@example.com,555-0065,Backend Gurus
Gerald Cook,gerald.cook66@example.com,555-0066,Full Stack Inc
Kathryn Morgan,kathryn.morgan67@example.com,555-0067,Web Development
Keith Bell,keith.bell68@example.com,555-0068,
Teresa Murphy,teresa.murphy69@example.com,555-0069,Mobile Apps LLC
Russell Bailey,russell.bailey70@example.com,555-0070,iOS Developers
Eugene Rivera,eugene.rivera71@example.com,,Android Studio
Evelyn Cooper,evelyn.cooper72@example.com,555-0072,Cross Platform Co
Henry Richardson,henry.richardson73@example.com,555-0073,React Native Pro
Weird Email,user@74,555-0074,Missing TLD
Marie Cox,marie.cox75@example.com,555-0075,Vue Masters
Carl Howard,carl.howard76@example.com,,Angular Experts
Gloria Ward,gloria.ward77@example.com,555-0077,Svelte Developers
Willie Torres,willie.torres78@example.com,555-0078,
Justin Peterson,justin.peterson79@example.com,555-0079,Framework Agnostic
Theresa Gray,theresa.gray80@example.com,555-0080,JavaScript Ninjas
Arthur Ramirez,arthur.ramirez81@example.com,555-0081,TypeScript Pros
,no.name.again82@example.com,555-0082,Nameless LLC
Cheryl James,cheryl.james83@example.com,,Code Quality Inc
Andrea Watson,andrea.watson84@example.com,555-0084,Refactoring Experts
Ann Brooks,ann.brooks85@example.com,555-0085,Clean Code Co
Roy Kelly,roy.kelly86@example.com,555-0086,Best Practices Inc
Jean Sanders,jean.sanders87@example.com,555-0087,
Kathryn Price,kathryn.price88@example.com,555-0088,Design Patterns LLC
Albert Bennett,albert.bennett89@example.com,,Architecture Gurus
Willie Wood,willie.wood90@example.com,555-0090,Scalability Experts
Doris Barnes,doris.barnes91@example.com,555-0091,Performance Optimizers
Lori Ross,lori.ross92@example.com,555-0092,Load Balancing Co
Julia Henderson,julia.henderson93@example.com,555-0093,
Rose Coleman,rose.coleman94@example.com,555-0094,Distributed Systems
Ralph Jenkins,ralph.jenkins95@example.com,555-0095,Microservices Masters
Jane Perry,jane.perry96@example.com,,Event Driven Design
Duplicate Email,john.doe1@example.com,555-0097,Duplicate Test Corp
Final Valid User,final.user98@example.com,555-0098,Last Company Standing
Alex Thompson,alex.thompson99@example.com,555-0099,Innovation Hub
Maria Garcia,maria.garcia100@example.com,555-0100,Tech Startups
Invalid Format,badformat101,555-0101,Email Issues Inc
Robert Chen,robert.chen102@example.com,,Cloud Native Solutions
,missing.name103@example.com,555-0103,No Name LLC
Lisa Wang,lisa.wang104@example.com,555-0104,Data Science Corp
Mike Anderson,mike.anderson105@example.com,555-0105,
Tom Brady,tom.brady106@example.com,555-0106,Sports Tech
Sarah Connor,sarah.connor107@example.com,,Future Systems
Invalid User,notemail108,555-0108,Bad Data Corp
Emma Wilson,emma.wilson109@example.com,555-0109,Design Factory
James Bond,james.bond110@example.com,555-0110,
Peter Parker,peter.parker111@example.com,555-0111,Web Slingers Inc
Bad Email,@missing112,555-0112,Domain Missing Co
Tony Stark,tony.stark113@example.com,,Iron Tech Solutions
Bruce Wayne,bruce.wayne114@example.com,555-0114,Wayne Enterprises
,anon.user115@example.com,555-0115,Anonymous Corp
Clark Kent,clark.kent116@example.com,555-0116,Daily Planet Tech
Diana Prince,diana.prince117@example.com,,Wonder Tech
Steve Rogers,steve.rogers118@example.com,555-0118,
Natasha Romanoff,natasha.romanoff119@example.com,555-0119,Spy Tech Inc
Bad Format,justname120,555-0120,Invalid Email LLC
Thor Odinson,thor.odinson121@example.com,555-0121,Thunder Tech
Bruce Banner,bruce.banner122@example.com,,Gamma Solutions
Scott Lang,scott.lang123@example.com,555-0123,Ant Tech
Hope Van Dyne,hope.vandyne124@example.com,555-0124,
Wanda Maximoff,wanda.maximoff125@example.com,555-0125,Scarlet Tech
Vision Android,vision.android126@example.com,,Synthetic Solutions
Invalid Entry,noemail127,555-0127,Bad Entry Corp
Sam Wilson,sam.wilson128@example.com,555-0128,Falcon Systems
Bucky Barnes,bucky.barnes129@example.com,555-0129,
Nick Fury,nick.fury130@example.com,555-0130,Shield Tech
Maria Hill,maria.hill131@example.com,,Strategic Solutions
,nobody132@example.com,555-0132,Missing Name Inc
Phil Coulson,phil.coulson133@example.com,555-0133,Agent Tech
Clint Barton,clint.barton134@example.com,555-0134,
Pepper Potts,pepper.potts135@example.com,555-0135,Stark Industries
Happy Hogan,happy.hogan136@example.com,,Security Solutions
Bad Email,user@137,555-0137,Missing Domain Inc
May Parker,may.parker138@example.com,555-0138,Care Tech
Ned Leeds,ned.leeds139@example.com,555-0139,
MJ Watson,mj.watson140@example.com,555-0140,Mystery Tech
Flash Thompson,flash.thompson141@example.com,,Fast Solutions
Invalid Format,baduser142,555-0142,Format Error Corp
Betty Brant,betty.brant143@example.com,555-0143,News Tech
Liz Allan,liz.allan144@example.com,555-0144,
Gwen Stacy,gwen.stacy145@example.com,555-0145,Bio Tech
Harry Osborn,harry.osborn146@example.com,,Oscorp Industries
,missing.user147@example.com,555-0147,No Identity Corp
Norman Osborn,norman.osborn148@example.com,555-0148,Green Tech
Otto Octavius,otto.octavius149@example.com,555-0149,
Max Dillon,max.dillon150@example.com,555-0150,Electric Solutions
Bad Email Entry,@domain151,555-0151,Invalid LLC
Curt Connors,curt.connors152@example.com,555-0152,Reptile Tech
Adrian Toomes,adrian.toomes153@example.com,,Vulture Systems
Quentin Beck,quentin.beck154@example.com,555-0154,Illusion Tech
Dmitri Smerdyakov,dmitri.smerdyakov155@example.com,555-0155,
William Baker,william.baker156@example.com,555-0156,Sand Tech
Invalid User,notemail157,555-0157,Bad Email Corp
Eddie Brock,eddie.brock158@example.com,555-0158,Symbiote Solutions
Cletus Kasady,cletus.kasady159@example.com,,Carnage Tech
Mac Gargan,mac.gargan160@example.com,555-0160,
Herman Schultz,herman.schultz161@example.com,555-0161,Shock Systems
Bad Format,username162,555-0162,Missing At Sign Inc
,anon162@example.com,555-0162,Anonymous LLC
Aaron Davis,aaron.davis163@example.com,555-0163,Prowler Tech
Miles Morales,miles.morales164@example.com,,Spider Solutions
Peter Quill,peter.quill165@example.com,555-0165,Star Tech
Gamora Green,gamora.green166@example.com,555-0166,
Drax Destroyer,drax.destroyer167@example.com,555-0167,Muscle Solutions
Rocket Raccoon,rocket.raccoon168@example.com,,Weapons Tech
Invalid Email,badformat169,555-0169,Error Corp
Groot Tree,groot.tree170@example.com,555-0170,Nature Tech
Mantis Empath,mantis.empath171@example.com,555-0171,
Nebula Cyborg,nebula.cyborg172@example.com,555-0172,Cyber Solutions
Yondu Udonta,yondu.udonta173@example.com,,Arrow Tech
Bad Entry,@missing174,555-0174,Domain Error Inc
Kraglin Obfonteri,kraglin.obfonteri175@example.com,555-0175,Whistle Systems
Adam Warlock,adam.warlock176@example.com,555-0176,
Ayesha High,ayesha.high177@example.com,555-0177,Sovereign Tech
Stakar Ogord,stakar.ogord178@example.com,,Ravager Solutions
,nobody179@example.com,555-0179,Missing Person Corp
Aleta Ogord,aleta.ogord180@example.com,555-0180,Light Tech
Charlie Unit,charlie.unit181@example.com,555-0181,
Martinex Crystal,martinex.crystal182@example.com,555-0182,Crystal Solutions
Invalid Format,noemail183,555-0183,Format LLC
Krugarr Sorcerer,krugarr.sorcerer184@example.com,555-0184,Magic Tech
Mainframe AI,mainframe.ai185@example.com,,AI Solutions
Howard Duck,howard.duck186@example.com,555-0186,
Cosmo Dog,cosmo.dog187@example.com,555-0187,Space Tech
Bad Email,user@188,555-0188,Missing TLD Corp
Stephen Strange,stephen.strange189@example.com,555-0189,Mystic Arts Tech
Wong Sorcerer,wong.sorcerer190@example.com,,Library Solutions
Ancient One,ancient.one191@example.com,555-0191,
Mordo Karl,mordo.karl192@example.com,555-0192,Zealot Tech
Christine Palmer,christine.palmer193@example.com,555-0193,Medical Solutions
Invalid Entry,baduser194,555-0194,Error Inc
Nicodemus West,nicodemus.west195@example.com,,Surgery Tech
Kaecilius Zealot,kaecilius.zealot196@example.com,555-0196,Dark Dimension Corp
Dormammu Entity,dormammu.entity197@example.com,555-0197,
America Chavez,america.chavez198@example.com,555-0198,Multiverse Tech
Bad Format,@domain199,555-0199,Invalid Corp
Sara Wolfe,sara.wolfe199@example.com,555-0199,Assistant Solutions
Rintrah Minotaur,rintrah.minotaur200@example.com,,Magic LLC
Scott Adkins,scott.adkins201@example.com,555-0201,
Carol Danvers,carol.danvers202@example.com,555-0202,Marvel Tech
Monica Rambeau,monica.rambeau203@example.com,555-0203,Spectrum Solutions
Invalid User,notemail204,555-0204,Bad Data Inc
Nick Fury,nick.fury205@example.com,,Shield Systems
Maria Rambeau,maria.rambeau206@example.com,555-0206,
Talos Skrull,talos.skrull207@example.com,555-0207,Shape Shifter Tech
Soren Skrull,soren.skrull208@example.com,555-0208,Family Solutions
Bad Entry,username209,555-0209,Missing Symbol Corp
,missing210@example.com,555-0210,No Name Inc
Goose Cat,goose.cat211@example.com,555-0211,Flerken Tech
Yon Rogg,yon.rogg212@example.com,,Kree Solutions
Minn Erva,minn.erva213@example.com,555-0213,
Korath Pursuer,korath.pursuer214@example.com,555-0214,Hunter Tech
Invalid Format,badformat215,555-0215,Error LLC
Ronan Accuser,ronan.accuser216@example.com,555-0216,Justice Solutions
Supreme Intelligence,supreme.intelligence217@example.com,,AI Corp
Mar Vell,mar.vell218@example.com,555-0218,
Wendy Lawson,wendy.lawson219@example.com,555-0219,Science Tech
Bad Email,@missing220,555-0220,Domain Error Inc
Kamala Khan,kamala.khan221@example.com,555-0221,Jersey Tech
Bruno Carrelli,bruno.carrelli222@example.com,,Support Solutions
Nakia Bahadir,nakia.bahadir223@example.com,555-0223,
Zoe Zimmer,zoe.zimmer224@example.com,555-0224,High School Tech
Invalid Entry,notemail225,555-0225,Bad Entry Corp
,nobody226@example.com,555-0226,Anonymous Inc
Red Dagger,red.dagger227@example.com,555-0227,Vigilante Solutions
Aisha Khan,aisha.khan228@example.com,,Ancestor Tech
Muneeba Khan,muneeba.khan229@example.com,555-0229,
Yusuf Khan,yusuf.khan230@example.com,555-0230,Family Corp
Bad Format,username231,555-0231,Missing At Corp
Aamir Khan,aamir.khan232@example.com,555-0232,Brother Tech
Najma Clandestine,najma.clandestine233@example.com,,Djinn Solutions
Kamran Clandestine,kamran.clandestine234@example.com,555-0234,
Fariha Clandestine,fariha.clandestine235@example.com,555-0235,Exile Tech
Invalid User,baduser236,555-0236,Format Error Inc
Saleem Clandestine,saleem.clandestine237@example.com,555-0237,Portal Solutions
Aadam Clandestine,aadam.clandestine238@example.com,,Dimension Tech
,missing239@example.com,555-0239,No Identity LLC
Kareem Agent,kareem.agent240@example.com,555-0240,
Bad Email,user@241,555-0241,TLD Missing Corp
Waleed Agent,waleed.agent242@example.com,555-0242,Red Dagger Inc
Shang Chi,shang.chi243@example.com,555-0243,Martial Arts Tech
Katy Chen,katy.chen244@example.com,,Archery Solutions
Invalid Format,notemail245,555-0245,Bad Email LLC
Xialing Chi,xialing.chi246@example.com,555-0246,
Wenwu Mandarin,wenwu.mandarin247@example.com,555-0247,Ten Rings Corp
Ying Nan,ying.nan248@example.com,555-0248,Ta Lo Tech
,anon249@example.com,555-0249,Missing Name Corp
Guang Bo,guang.bo250@example.com,,Fight Club Solutions
Bad Entry,@domain251,555-0251,Invalid Inc
Razor Fist,razor.fist252@example.com,555-0252,Blade Tech
Death Dealer,death.dealer253@example.com,555-0253,Assassin Solutions
Jon Jon,jon.jon254@example.com,,Driver Tech
Invalid User,badformat255,555-0255,Error Corp
Trevor Slattery,trevor.slattery256@example.com,555-0256,
Morris Creature,morris.creature257@example.com,555-0257,Dijiang Tech
Great Protector,great.protector258@example.com,,Dragon Solutions
Ying Li,ying.li259@example.com,555-0259,
Bad Format,username260,555-0260,Missing Symbol Inc
Li Jun,li.jun261@example.com,555-0261,Village Tech
Wong Library,wong.library262@example.com,555-0262,Kamar Taj Solutions
,nobody263@example.com,555-0263,Anonymous Corp
Abomination Emil,abomination.emil264@example.com,,Monster Tech
Invalid Entry,notemail265,555-0265,Bad Data Inc
TChalla Panther,tchalla.panther266@example.com,555-0266,Wakanda Tech
Nakia Warrior,nakia.warrior267@example.com,555-0267,River Tribe Solutions
Okoye General,okoye.general268@example.com,,Dora Milaje Tech
Bad Email,user@269,555-0269,Missing Domain Corp
Shuri Princess,shuri.princess270@example.com,555-0270,
Ramonda Queen,ramonda.queen271@example.com,555-0271,Royal Tech
MBaku Jabari,mbaku.jabari272@example.com,555-0272,Mountain Tribe Solutions
Invalid Format,baduser273,555-0273,Format LLC
Everett Ross,everett.ross274@example.com,,CIA Tech
Ulysses Klaue,ulysses.klaue275@example.com,555-0275,
Erik Killmonger,erik.killmonger276@example.com,555-0276,Revenge Tech
,missing277@example.com,555-0277,No Name Inc
WKabi Warrior,wkabi.warrior278@example.com,555-0278,Border Tribe Solutions
Bad Entry,@missing279,555-0279,Domain Error Corp
Ayo Warrior,ayo.warrior280@example.com,,Dora Tech
Aneka Warrior,aneka.warrior281@example.com,555-0281,
Zuri Elder,zuri.elder282@example.com,555-0282,Wisdom Solutions
Invalid User,notemail283,555-0283,Bad Email LLC
NJobu Prince,njobu.prince284@example.com,555-0284,Traitor Tech
James Rhodes,james.rhodes285@example.com,,War Machine Solutions
Bad Format,username286,555-0286,Missing At Inc
Thaddeus Ross,thaddeus.ross287@example.com,555-0287,
Namor Imperius,namor.imperius288@example.com,555-0288,Talokan Tech
Namora Warrior,namora.warrior289@example.com,555-0289,Ocean Solutions
,anon290@example.com,555-0290,Anonymous LLC
Attuma General,attuma.general291@example.com,,Sea Tech
Invalid Entry,badformat292,555-0292,Error Inc
Riri Williams,riri.williams293@example.com,555-0293,Ironheart Solutions
Valentina Fontaine,valentina.fontaine294@example.com,555-0294,Intelligence Tech
Bad Email,user@295,555-0295,TLD Missing Corp
Scott Lang,scott.lang296@example.com,,Ant Man Solutions
Hope Van Dyne,hope.vandyne297@example.com,555-0297,
Hank Pym,hank.pym298@example.com,555-0298,Pym Tech
Janet Van Dyne,janet.vandyne299@example.com,555-0299,Quantum Solutions
Invalid Format,notemail300,555-0300,Bad Data Corp
,missing301@example.com,555-0301,No Identity Inc
Cassie Lang,cassie.lang302@example.com,555-0302,Daughter Tech
Luis Partner,luis.partner303@example.com,,Storyteller Solutions
Bad Entry,@domain304,555-0304,Invalid LLC
Dave Partner,dave.partner305@example.com,555-0305,
Kurt Partner,kurt.partner306@example.com,555-0306,Magic Tech
Invalid User,baduser307,555-0307,Format Error Corp
Jim Paxton,jim.paxton308@example.com,555-0308,Police Solutions
Maggie Lang,maggie.lang309@example.com,,Mother Tech
,nobody310@example.com,555-0310,Anonymous Inc
Sonny Burch,sonny.burch311@example.com,555-0311,
Bill Foster,bill.foster312@example.com,555-0312,Goliath Tech
Bad Format,username313,555-0313,Missing Symbol LLC
Ava Starr,ava.starr314@example.com,555-0314,Ghost Solutions
Elihas Starr,elihas.starr315@example.com,,Father Tech
Invalid Entry,notemail316,555-0316,Bad Email Inc
Catherine Starr,catherine.starr317@example.com,555-0317,
Krylar Leader,krylar.leader318@example.com,555-0318,Freedom Fighters Tech
Bad Email,user@319,555-0319,Missing Domain LLC
MODOK Darren,modok.darren320@example.com,,Mechanized Solutions
,missing321@example.com,555-0321,No Name Corp
Jentorra Leader,jentorra.leader322@example.com,555-0322,Rebellion Tech
Quaz Freedom,quaz.freedom323@example.com,555-0323,Fighter Solutions
Invalid Format,badformat324,555-0324,Error LLC
Veb Telepath,veb.telepath325@example.com,555-0325,Mind Tech
Xolum Broccoli,xolum.broccoli326@example.com,,Green Solutions
Bad Entry,@missing327,555-0327,Domain Error Inc
Furry Face,furry.face328@example.com,555-0328,
Multiple Man,multiple.man329@example.com,555-0329,Clone Tech
Invalid User,notemail330,555-0330,Bad Data LLC
,anon331@example.com,555-0331,Anonymous Corp
Lord Kang,lord.kang332@example.com,555-0332,Conqueror Solutions
Bad Format,username333,555-0333,Missing At Corp
Loki Laufeyson,loki.laufeyson334@example.com,,God Tech
Mobius Analyst,mobius.analyst335@example.com,555-0335,
Sylvie Laufeydottir,sylvie.laufeydottir336@example.com,555-0336,Variant Tech
Invalid Entry,baduser337,555-0337,Format Error Inc
Ravonna Renslayer,ravonna.renslayer338@example.com,555-0338,Judge Solutions
Hunter B15,hunter.b15339@example.com,,TVA Tech
Bad Email,user@340,555-0340,TLD Missing LLC
,missing341@example.com,555-0341,No Identity Corp
Casey Clock,casey.clock342@example.com,555-0342,
Ouroboros Engineer,ouroboros.engineer343@example.com,555-0343,Time Tech
Invalid Format,notemail344,555-0344,Bad Email Inc
Victor Timely,victor.timely345@example.com,555-0345,Inventor Solutions
Dox General,dox.general346@example.com,,Military Tech
Bad Entry,@domain347,555-0347,Invalid Corp
Brad Wolfe,brad.wolfe348@example.com,555-0348,
Zaniac Killer,zaniac.killer349@example.com,555-0349,Horror Tech
Invalid User,badformat350,555-0350,Error LLC
,anon351@example.com,555-0351,Anonymous Inc
Miss Minutes,miss.minutes352@example.com,555-0352,AI Solutions
Bad Format,username353,555-0353,Missing Symbol Corp
He Who Remains,he.whoremains354@example.com,,Citadel Tech
Thor Odinson,thor.odinson355@example.com,555-0355,
Jane Foster,jane.foster356@example.com,555-0356,Mighty Thor Solutions
Invalid Entry,notemail357,555-0357,Bad Data Corp
Darcy Lewis,darcy.lewis358@example.com,555-0358,Assistant Tech
Erik Selvig,erik.selvig359@example.com,,Science Solutions
Bad Email,user@360,555-0360,Missing Domain Inc
,missing361@example.com,555-0361,No Name LLC
Sif Warrior,sif.warrior362@example.com,555-0362,
Heimdall Guardian,heimdall.guardian363@example.com,555-0363,Bifrost Tech
Invalid Format,baduser364,555-0364,Format Error Corp
Odin Allfather,odin.allfather365@example.com,555-0365,King Solutions
Frigga Queen,frigga.queen366@example.com,,Mother Tech
Bad Entry,@missing367,555-0367,Domain Error LLC
Loki Brother,loki.brother368@example.com,555-0368,
Hela Goddess,hela.goddess369@example.com,555-0369,Death Tech
Invalid User,notemail370,555-0370,Bad Email Inc
Valkyrie Warrior,valkyrie.warrior371@example.com,555-0371,King Solutions
,anon372@example.com,555-0372,Anonymous Corp
Bad Format,username373,555-0373,Missing At Inc
Korg Kronan,korg.kronan374@example.com,555-0374,
Miek Warrior,miek.warrior375@example.com,555-0375,Insect Tech
Invalid Entry,badformat376,555-0376,Error Corp
Skurge Executioner,skurge.executioner377@example.com,555-0377,Bridge Solutions
Hogun Warrior,hogun.warrior378@example.com,,Three Tech
Bad Email,user@379,555-0379,TLD Missing Corp
,missing380@example.com,555-0380,No Identity Inc
Fandral Warrior,fandral.warrior381@example.com,555-0381,
Volstagg Warrior,volstagg.warrior382@example.com,555-0382,Lion Tech
Invalid Format,notemail383,555-0383,Bad Data LLC
Surtur Demon,surtur.demon384@example.com,555-0384,Fire Solutions
Fenris Wolf,fenris.wolf385@example.com,,Beast Tech
Bad Entry,@domain386,555-0386,Invalid Inc
Gorr Butcher,gorr.butcher387@example.com,555-0387,
Zeus God,zeus.god388@example.com,555-0388,Thunder Tech
Invalid User,baduser389,555-0389,Format Error LLC
Hercules Demigod,hercules.demigod390@example.com,555-0390,Strength Solutions
,anon391@example.com,555-0391,Anonymous Corp
Bad Format,username392,555-0392,Missing Symbol Inc
Falligar Beast,falligar.beast393@example.com,,God Tech
Rapu God,rapu.god394@example.com,555-0394,
Ninny Gods,ninny.gods395@example.com,555-0395,Shadow Solutions
Invalid Entry,notemail396,555-0396,Bad Email Corp
Love Child,love.child397@example.com,555-0397,Gorr Tech
Bad Email,user@398,555-0398,Missing Domain LLC
,missing399@example.com,555-0399,No Name Inc
Axl Heimdall,axl.heimdall400@example.com,555-0400,
Bao Gods,bao.gods401@example.com,555-0401,Watching Solutions
Invalid Format,badformat402,555-0402,Error Inc
Kronan Warriors,kronan.warriors403@example.com,555-0403,Rock Tech
Midgard Warriors,midgard.warriors404@example.com,,Earth Solutions
Bad Entry,@missing405,555-0405,Domain Error Corp
Bruce Banner,bruce.banner406@example.com,555-0406,
Jennifer Walters,jennifer.walters407@example.com,555-0407,She Hulk Tech
Invalid User,notemail408,555-0408,Bad Data Inc
Nikki Ramos,nikki.ramos409@example.com,555-0409,Paralegal Solutions
,anon410@example.com,555-0410,Anonymous LLC
Bad Format,username411,555-0411,Missing At Corp
Mallory Book,mallory.book412@example.com,,Lawyer Tech
Pug Pugliese,pug.pugliese413@example.com,555-0413,
Augustus Pugliese,augustus.pugliese414@example.com,555-0414,Legal Solutions
Invalid Entry,baduser415,555-0415,Format Error Inc
Emil Blonsky,emil.blonsky416@example.com,555-0416,Abomination Tech
Bad Email,user@417,555-0417,TLD Missing LLC
,missing418@example.com,555-0418,No Identity Corp
Titania Mary,titania.mary419@example.com,555-0419,
Josh Miller,josh.miller420@example.com,555-0420,Influencer Solutions
Invalid Format,notemail421,555-0421,Bad Email Inc
Leapfrog Eugene,leapfrog.eugene422@example.com,555-0422,Suit Tech
Madisynn King,madisynn.king423@example.com,,Portal Solutions
Bad Entry,@domain424,555-0424,Invalid LLC
Holden Holliway,holden.holliway425@example.com,555-0425,
Daredevil Matt,daredevil.matt426@example.com,555-0426,Lawyer Tech
Invalid User,badformat427,555-0427,Error Corp
Todd Phelps,todd.phelps428@example.com,555-0428,Intelligence Solutions
,anon429@example.com,555-0429,Anonymous Inc
Bad Format,username430,555-0430,Missing Symbol LLC
Thunderbolt Ross,thunderbolt.ross431@example.com,,General Tech
Samuel Sterns,samuel.sterns432@example.com,555-0432,
Leader Intelligence,leader.intelligence433@example.com,555-0433,Brain Solutions
Invalid Entry,notemail434,555-0434,Bad Data Corp
Clint Barton,clint.barton435@example.com,555-0435,Hawkeye Tech
Kate Bishop,kate.bishop436@example.com,,Archer Solutions
Bad Email,user@437,555-0437,Missing Domain Inc
,missing438@example.com,555-0438,No Name LLC
Yelena Belova,yelena.belova439@example.com,555-0439,
Maya Lopez,maya.lopez440@example.com,555-0440,Echo Tech
Invalid Format,baduser441,555-0441,Format Error LLC
Eleanor Bishop,eleanor.bishop442@example.com,555-0442,CEO Solutions
Jack Duquesne,jack.duquesne443@example.com,,Swordsman Tech
Bad Entry,@missing444,555-0444,Domain Error Inc
Wilson Fisk,wilson.fisk445@example.com,555-0445,
Kingpin Crime,kingpin.crime446@example.com,555-0446,Empire Tech
Invalid User,notemail447,555-0447,Bad Email Corp
Tracksuit Mafia,tracksuit.mafia448@example.com,555-0448,Bro Solutions
,anon449@example.com,555-0449,Anonymous LLC
Bad Format,username450,555-0450,Missing At Inc
Ivan Banionis,ivan.banionis451@example.com,,Crime Tech
Kazi Kazimierczak,kazi.kazimierczak452@example.com,555-0452,
Laura Barton,laura.barton453@example.com,555-0453,Agent Solutions
Invalid Entry,badformat454,555-0454,Error LLC
Cooper Barton,cooper.barton455@example.com,555-0455,Kid Tech
Lila Barton,lila.barton456@example.com,,Daughter Solutions
Bad Email,user@457,555-0457,TLD Missing Corp
,missing458@example.com,555-0458,No Identity Inc
Nathaniel Barton,nathaniel.barton459@example.com,555-0459,
Pizza Dog,pizza.dog460@example.com,555-0460,Lucky Tech
Invalid Format,notemail461,555-0461,Bad Data LLC
Ying Li,ying.li462@example.com,555-0462,Mother Solutions
Marc Spector,marc.spector463@example.com,,Moon Knight Tech
Bad Entry,@domain464,555-0464,Invalid Inc
Steven Grant,steven.grant465@example.com,555-0465,
Jake Lockley,jake.lockley466@example.com,555-0466,Driver Tech
Invalid User,baduser467,555-0467,Format Error Corp
Layla El Faouly,layla.elfaouly468@example.com,555-0468,Scarlet Solutions
Khonshu God,khonshu.god469@example.com,,Moon Tech
,anon470@example.com,555-0470,Anonymous Corp
Bad Format,username471,555-0471,Missing Symbol Inc
Arthur Harrow,arthur.harrow472@example.com,555-0472,
Ammit Goddess,ammit.goddess473@example.com,555-0473,Justice Tech
Invalid Entry,notemail474,555-0474,Bad Email Inc
Anton Mogart,anton.mogart475@example.com,555-0475,Midnight Solutions
Bad Email,user@476,555-0476,Missing Domain LLC
,missing477@example.com,555-0477,No Name Corp
Billy Fitzgerald,billy.fitzgerald478@example.com,555-0478,
Bobbi Kennedy,bobbi.kennedy479@example.com,555-0479,Tourist Tech
Invalid Format,badformat480,555-0480,Error LLC
Donna Kraft,donna.kraft481@example.com,555-0481,Passport Solutions
Wendy Spector,wendy.spector482@example.com,,Mother Tech
Bad Entry,@missing483,555-0483,Domain Error Inc
Elias Spector,elias.spector484@example.com,555-0484,
Randall Spector,randall.spector485@example.com,555-0485,Brother Tech
Invalid User,notemail486,555-0486,Bad Data Corp
Yatzil Avatar,yatzil.avatar487@example.com,555-0487,Hathor Solutions
,anon488@example.com,555-0488,Anonymous Inc
Bad Format,username489,555-0489,Missing At LLC
Ennead Gods,ennead.gods490@example.com,,Council Tech
Osiris God,osiris.god491@example.com,555-0491,
Horus God,horus.god492@example.com,555-0492,Sky Solutions
Invalid Entry,baduser493,555-0493,Format Error Corp
Isis Goddess,isis.goddess494@example.com,555-0494,Magic Tech
Tefnut Goddess,tefnut.goddess495@example.com,,Water Solutions
Bad Email,user@496,555-0496,TLD Missing Inc
,missing497@example.com,555-0497,No Identity LLC
Hathor Goddess,hathor.goddess498@example.com,555-0498,
Billy Maximoff,billy.maximoff499@example.com,555-0499,Young Avenger Tech
Invalid Format,notemail500,555-0500,Bad Email Corp
Tommy Maximoff,tommy.maximoff501@example.com,555-0501,Speed Solutions
Teddy Altman,teddy.altman502@example.com,,Hulkling Tech
Bad Entry,@domain503,555-0503,Invalid LLC
Eli Bradley,eli.bradley504@example.com,555-0504,
Cassie Lang,cassie.lang505@example.com,555-0505,Stature Tech
Invalid User,badformat506,555-0506,Error Inc
Kate Bishop,kate.bishop507@example.com,555-0507,Hawkeye Solutions
,anon508@example.com,555-0508,Anonymous Corp
Bad Format,username509,555-0509,Missing Symbol LLC
America Chavez,america.chavez510@example.com,,Multiverse Tech
Kid Loki,kid.loki511@example.com,555-0511,
Alligator Loki,alligator.loki512@example.com,555-0512,Reptile Solutions
Invalid Entry,notemail513,555-0513,Bad Data Inc
Classic Loki,classic.loki514@example.com,555-0514,Elder Tech
Boastful Loki,boastful.loki515@example.com,,Braggart Solutions
Bad Email,user@516,555-0516,Missing Domain Corp
,missing517@example.com,555-0517,No Name Inc
President Loki,president.loki518@example.com,555-0518,
Sylki Ship,sylki.ship519@example.com,555-0519,Romance Tech
Invalid Format,baduser520,555-0520,Format Error LLC
Brad Wolfe,brad.wolfe521@example.com,555-0521,Actor Solutions
Dox Hunter,dox.hunter522@example.com,,Military Tech
Bad Entry,@missing523,555-0523,Domain Error Corp
Hunter D90,hunter.d90524@example.com,555-0524,
Hunter C20,hunter.c20525@example.com,555-0525,TVA Tech
Invalid User,notemail526,555-0526,Bad Email Inc
Frank Morris,frank.morris527@example.com,555-0527,Alcatraz Solutions
,anon528@example.com,555-0528,Anonymous LLC
Bad Format,username529,555-0529,Missing At Inc
Sean O'Reilly,sean.oreilly530@example.com,,Temporal Tech
Victor Timely,victor.timely531@example.com,555-0531,
Duplicate Test,john.doe1@example.com,555-0532,Duplicate Entry Corp
Invalid Entry,badformat533,555-0533,Error LLC
Test User,test.user534@example.com,555-0534,Test Solutions
Bad Email,user@535,555-0535,TLD Missing LLC
,missing536@example.com,555-0536,No Identity Corp
Sample Data,sample.data537@example.com,555-0537,
Random Person,random.person538@example.com,555-0538,Random Tech
Invalid Format,notemail539,555-0539,Bad Data Inc
Another Entry,another.entry540@example.com,555-0540,Entry Solutions
Bad Entry,@domain541,555-0541,Invalid Inc
,anon542@example.com,555-0542,Anonymous LLC
Valid User,valid.user543@example.com,555-0543,
Test Subject,test.subject544@example.com,555-0544,Subject Tech
Invalid User,baduser545,555-0545,Format Error Corp
Example Person,example.person546@example.com,555-0546,Example Solutions
Bad Format,username547,555-0547,Missing Symbol Inc
,missing548@example.com,555-0548,No Name LLC
Demo User,demo.user549@example.com,555-0549,
Sample Entry,sample.entry550@example.com,555-0550,Sample Tech
Invalid Entry,notemail551,555-0551,Bad Email Corp
Test Data,test.data552@example.com,555-0552,Data Solutions
Bad Email,user@553,555-0553,Missing Domain Inc
,anon554@example.com,555-0554,Anonymous Corp
Placeholder User,placeholder.user555@example.com,555-0555,
Mock Data,mock.data556@example.com,555-0556,Mock Tech
Invalid Format,badformat557,555-0557,Error LLC
Dummy User,dummy.user558@example.com,555-0558,Dummy Solutions
Bad Entry,@missing559,555-0559,Domain Error Inc
,nobody560@example.com,555-0560,No Identity LLC
Filler Person,filler.person561@example.com,555-0561,
Template User,template.user562@example.com,555-0562,Template Tech
Invalid User,notemail563,555-0563,Bad Data Inc
Generic Person,generic.person564@example.com,555-0564,Generic Solutions
Bad Format,username565,555-0565,Missing At Corp
,missing566@example.com,555-0566,Anonymous Inc
Standard User,standard.user567@example.com,555-0567,
Basic Entry,basic.entry568@example.com,555-0568,Basic Tech
Invalid Entry,baduser569,555-0569,Format Error LLC
Common Name,common.name570@example.com,555-0570,Common Solutions
Bad Email,user@571,555-0571,TLD Missing Corp
,anon572@example.com,555-0572,No Name Inc
Typical User,typical.user573@example.com,555-0573,
Normal Person,normal.person574@example.com,555-0574,Normal Tech
Invalid Format,notemail575,555-0575,Bad Email LLC
Regular Entry,regular.entry576@example.com,555-0576,Regular Solutions
Bad Entry,@domain577,555-0577,Invalid Corp
,missing578@example.com,555-0578,Anonymous LLC
Average User,average.user579@example.com,555-0579,
Ordinary Person,ordinary.person580@example.com,555-0580,Ordinary Tech
Invalid User,badformat581,555-0581,Error Inc
Plain Entry,plain.entry582@example.com,555-0582,Plain Solutions
Bad Format,username583,555-0583,Missing Symbol LLC
,nobody584@example.com,555-0584,No Identity Corp
Simple User,simple.user585@example.com,555-0585,
Straightforward Person,straightforward.person586@example.com,555-0586,Straightforward Tech
Invalid Entry,notemail587,555-0587,Bad Data Corp
Clear Entry,clear.entry588@example.com,555-0588,Clear Solutions
Bad Email,user@589,555-0589,Missing Domain LLC
,anon590@example.com,555-0590,Anonymous Inc
Direct User,direct.user591@example.com,555-0591,
Obvious Person,obvious.person592@example.com,555-0592,Obvious Tech
Invalid Format,baduser593,555-0593,Format Error Inc
Evident Entry,evident.entry594@example.com,555-0594,Evident Solutions
Bad Entry,@missing595,555-0595,Domain Error LLC
,missing596@example.com,555-0596,No Name Corp
Apparent User,apparent.user597@example.com,555-0597,
Visible Person,visible.person598@example.com,555-0598,Visible Tech
Invalid User,notemail599,555-0599,Bad Email Inc
Manifest Entry,manifest.entry600@example.com,555-0600,Manifest Solutions
Bad Format,username601,555-0601,Missing At Inc
,anon602@example.com,555-0602,Anonymous LLC
Patent User,patent.user603@example.com,555-0603,
Distinct Person,distinct.person604@example.com,555-0604,Distinct Tech
Invalid Entry,badformat605,555-0605,Error Corp
Marked Entry,marked.entry606@example.com,555-0606,Marked Solutions
Bad Email,user@607,555-0607,TLD Missing LLC
,missing608@example.com,555-0608,No Identity Inc
Noticeable User,noticeable.user609@example.com,555-0609,
Prominent Person,prominent.person610@example.com,555-0610,Prominent Tech
Invalid Format,notemail611,555-0611,Bad Data LLC
Striking Entry,striking.entry612@example.com,555-0612,Striking Solutions
Bad Entry,@domain613,555-0613,Invalid Inc
,anon614@example.com,555-0614,Anonymous Corp
Remarkable User,remarkable.user615@example.com,555-0615,
Outstanding Person,outstanding.person616@example.com,555-0616,Outstanding Tech
Invalid User,baduser617,555-0617,Format Error LLC
Notable Entry,notable.entry618@example.com,555-0618,Notable Solutions
Bad Format,username619,555-0619,Missing Symbol Inc
,nobody620@example.com,555-0620,No Name LLC
Exceptional User,exceptional.user621@example.com,555-0621,
Extraordinary Person,extraordinary.person622@example.com,555-0622,Extraordinary Tech
Invalid Entry,notemail623,555-0623,Bad Email Corp
Uncommon Entry,uncommon.entry624@example.com,555-0624,Uncommon Solutions
Bad Email,user@625,555-0625,Missing Domain Inc
,missing626@example.com,555-0626,Anonymous Inc
Rare User,rare.user627@example.com,555-0627,
Unique Person,unique.person628@example.com,555-0628,Unique Tech
Invalid Format,badformat629,555-0629,Error LLC
Special Entry,special.entry630@example.com,555-0630,Special Solutions
Bad Entry,@missing631,555-0631,Domain Error Corp
,anon632@example.com,555-0632,No Identity LLC
Particular User,particular.user633@example.com,555-0633,
Specific Person,specific.person634@example.com,555-0634,Specific Tech
Invalid User,notemail635,555-0635,Bad Data Inc
Individual Entry,individual.entry636@example.com,555-0636,Individual Solutions
Bad Format,username637,555-0637,Missing At Corp
,missing638@example.com,555-0638,Anonymous LLC
Singular User,singular.user639@example.com,555-0639,
Sole Person,sole.person640@example.com,555-0640,Sole Tech
Invalid Entry,baduser641,555-0641,Format Error Inc
Single Entry,single.entry642@example.com,555-0642,Single Solutions
Bad Email,user@643,555-0643,TLD Missing Corp
,anon644@example.com,555-0644,No Name Inc
Lone User,lone.user645@example.com,555-0645,
Isolated Person,isolated.person646@example.com,555-0646,Isolated Tech
Invalid Format,notemail647,555-0647,Bad Email LLC
Separate Entry,separate.entry648@example.com,555-0648,Separate Solutions
Bad Entry,@domain649,555-0649,Invalid Corp
,missing650@example.com,555-0650,Anonymous Inc
Detached User,detached.user651@example.com,555-0651,
Independent Person,independent.person652@example.com,555-0652,Independent Tech
Invalid User,badformat653,555-0653,Error LLC
Autonomous Entry,autonomous.entry654@example.com,555-0654,Autonomous Solutions
Bad Format,username655,555-0655,Missing Symbol LLC
,nobody656@example.com,555-0656,No Identity Corp
Self Sufficient,selfsufficient.user657@example.com,555-0657,
Free Person,free.person658@example.com,555-0658,Free Tech
Invalid Entry,notemail659,555-0659,Bad Data Corp
Liberated Entry,liberated.entry660@example.com,555-0660,Liberated Solutions
Bad Email,user@661,555-0661,Missing Domain LLC
,anon662@example.com,555-0662,Anonymous LLC
Unbound User,unbound.user663@example.com,555-0663,
Unrestricted Person,unrestricted.person664@example.com,555-0664,Unrestricted Tech
Invalid Format,baduser665,555-0665,Format Error Inc
Unlimited Entry,unlimited.entry666@example.com,555-0666,Unlimited Solutions
Bad Entry,@missing667,555-0667,Domain Error Inc
,missing668@example.com,555-0668,No Name LLC
Boundless User,boundless.user669@example.com,555-0669,
Infinite Person,infinite.person670@example.com,555-0670,Infinite Tech
Invalid User,notemail671,555-0671,Bad Email Inc
Endless Entry,endless.entry672@example.com,555-0672,Endless Solutions
Bad Format,username673,555-0673,Missing At Inc
,anon674@example.com,555-0674,Anonymous Corp
Eternal User,eternal.user675@example.com,555-0675,
Perpetual Person,perpetual.person676@example.com,555-0676,Perpetual Tech
Invalid Entry,badformat677,555-0677,Error Corp
Everlasting Entry,everlasting.entry678@example.com,555-0678,Everlasting Solutions
Bad Email,user@679,555-0679,TLD Missing LLC
,missing680@example.com,555-0680,No Identity Inc
Immortal User,immortal.user681@example.com,555-0681,
Timeless Person,timeless.person682@example.com,555-0682,Timeless Tech
Invalid Format,notemail683,555-0683,Bad Data LLC
Ageless Entry,ageless.entry684@example.com,555-0684,Ageless Solutions
Bad Entry,@domain685,555-0685,Invalid Inc
,anon686@example.com,555-0686,Anonymous Inc
Lasting User,lasting.user687@example.com,555-0687,
Enduring Person,enduring.person688@example.com,555-0688,Enduring Tech
Invalid User,baduser689,555-0689,Format Error LLC
Permanent Entry,permanent.entry690@example.com,555-0690,Permanent Solutions
Bad Format,username691,555-0691,Missing Symbol Inc
,nobody692@example.com,555-0692,No Name Corp
Stable User,stable.user693@example.com,555-0693,
Steady Person,steady.person694@example.com,555-0694,Steady Tech
Invalid Entry,notemail695,555-0695,Bad Email Corp
Constant Entry,constant.entry696@example.com,555-0696,Constant Solutions
Bad Email,user@697,555-0697,Missing Domain Inc
,missing698@example.com,555-0698,Anonymous LLC
Unchanging User,unchanging.user699@example.com,555-0699,
Fixed Person,fixed.person700@example.com,555-0700,Fixed Tech
Invalid Format,badformat701,555-0701,Error LLC
Immutable Entry,immutable.entry702@example.com,555-0702,Immutable Solutions
Bad Entry,@missing703,555-0703,Domain Error Corp
,anon704@example.com,555-0704,No Identity LLC
Static User,static.user705@example.com,555-0705,
Rigid Person,rigid.person706@example.com,555-0706,Rigid Tech
Invalid User,notemail707,555-0707,Bad Data Inc
Inflexible Entry,inflexible.entry708@example.com,555-0708,Inflexible Solutions
Bad Format,username709,555-0709,Missing At Corp
,missing710@example.com,555-0710,Anonymous Inc
Stiff User,stiff.user711@example.com,555-0711,
Firm Person,firm.person712@example.com,555-0712,Firm Tech
Invalid Entry,baduser713,555-0713,Format Error Inc
Solid Entry,solid.entry714@example.com,555-0714,Solid Solutions
Bad Email,user@715,555-0715,TLD Missing Corp
,anon716@example.com,555-0716,No Name Inc
Strong User,strong.user717@example.com,555-0717,
Robust Person,robust.person718@example.com,555-0718,Robust Tech
Invalid Format,notemail719,555-0719,Bad Email LLC
Sturdy Entry,sturdy.entry720@example.com,555-0720,Sturdy Solutions
Bad Entry,@domain721,555-0721,Invalid Corp
,missing722@example.com,555-0722,Anonymous LLC
Tough User,tough.user723@example.com,555-0723,
Resilient Person,resilient.person724@example.com,555-0724,Resilient Tech
Invalid User,badformat725,555-0725,Error Inc
Durable Entry,durable.entry726@example.com,555-0726,Durable Solutions
Bad Format,username727,555-0727,Missing Symbol LLC
,nobody728@example.com,555-0728,No Identity Corp
Hardy User,hardy.user729@example.com,555-0729,
Rugged Person,rugged.person730@example.com,555-0730,Rugged Tech
Invalid Entry,notemail731,555-0731,Bad Data Corp
Stalwart Entry,stalwart.entry732@example.com,555-0732,Stalwart Solutions
Bad Email,user@733,555-0733,Missing Domain LLC
,anon734@example.com,555-0734,Anonymous Inc
Steadfast User,steadfast.user735@example.com,555-0735,
Resolute Person,resolute.person736@example.com,555-0736,Resolute Tech
Invalid Format,baduser737,555-0737,Format Error Inc
Determined Entry,determined.entry738@example.com,555-0738,Determined Solutions
Bad Entry,@missing739,555-0739,Domain Error LLC
,missing740@example.com,555-0740,No Name LLC
Unwavering User,unwavering.user741@example.com,555-0741,
Relentless Person,relentless.person742@example.com,555-0742,Relentless Tech
Invalid User,notemail743,555-0743,Bad Email Inc
Tenacious Entry,tenacious.entry744@example.com,555-0744,Tenacious Solutions
Bad Format,username745,555-0745,Missing At Inc
,anon746@example.com,555-0746,Anonymous Corp
Persistent User,persistent.user747@example.com,555-0747,
Dogged Person,dogged.person748@example.com,555-0748,Dogged Tech
Invalid Entry,badformat749,555-0749,Error Corp
Stubborn Entry,stubborn.entry750@example.com,555-0750,Stubborn Solutions
Bad Email,user@751,555-0751,TLD Missing LLC
,missing752@example.com,555-0752,No Identity Inc
Obstinate User,obstinate.user753@example.com,555-0753,
Adamant Person,adamant.person754@example.com,555-0754,Adamant Tech
Invalid Format,notemail755,555-0755,Bad Data LLC
Inflexible Entry,inflexible.entry756@example.com,555-0756,Inflexible Solutions
Bad Entry,@domain757,555-0757,Invalid Inc
,anon758@example.com,555-0758,Anonymous LLC
Unyielding User,unyielding.user759@example.com,555-0759,
Unbending Person,unbending.person760@example.com,555-0760,Unbending Tech
Invalid User,baduser761,555-0761,Format Error LLC
Uncompromising Entry,uncompromising.entry762@example.com,555-0762,Uncompromising Solutions
Bad Format,username763,555-0763,Missing Symbol Inc
,nobody764@example.com,555-0764,No Name Corp
Intransigent User,intransigent.user765@example.com,555-0765,
Headstrong Person,headstrong.person766@example.com,555-0766,Headstrong Tech
Invalid Entry,notemail767,555-0767,Bad Email Corp
Willful Entry,willful.entry768@example.com,555-0768,Willful Solutions
Bad Email,user@769,555-0769,Missing Domain Inc
,missing770@example.com,555-0770,Anonymous Inc
Deliberate User,deliberate.user771@example.com,555-0771,
Intentional Person,intentional.person772@example.com,555-0772,Intentional Tech
Invalid Format,badformat773,555-0773,Error LLC
Purposeful Entry,purposeful.entry774@example.com,555-0774,Purposeful Solutions
Bad Entry,@missing775,555-0775,Domain Error Corp
,anon776@example.com,555-0776,No Identity LLC
Conscious User,conscious.user777@example.com,555-0777,
Aware Person,aware.person778@example.com,555-0778,Aware Tech
Invalid User,notemail779,555-0779,Bad Data Inc
Mindful Entry,mindful.entry780@example.com,555-0780,Mindful Solutions
Bad Format,username781,555-0781,Missing At Corp
,missing782@example.com,555-0782,Anonymous LLC
Attentive User,attentive.user783@example.com,555-0783,
Observant Person,observant.person784@example.com,555-0784,Observant Tech
Invalid Entry,baduser785,555-0785,Format Error Inc
Watchful Entry,watchful.entry786@example.com,555-0786,Watchful Solutions
Bad Email,user@787,555-0787,TLD Missing Corp
,anon788@example.com,555-0788,No Name Inc
Alert User,alert.user789@example.com,555-0789,
Vigilant Person,vigilant.person790@example.com,555-0790,Vigilant Tech
Invalid Format,notemail791,555-0791,Bad Email LLC
Wary Entry,wary.entry792@example.com,555-0792,Wary Solutions
Bad Entry,@domain793,555-0793,Invalid Corp
,missing794@example.com,555-0794,Anonymous Inc
Cautious User,cautious.user795@example.com,555-0795,
Careful Person,careful.person796@example.com,555-0796,Careful Tech
Invalid User,badformat797,555-0797,Error LLC
Prudent Entry,prudent.entry798@example.com,555-0798,Prudent Solutions
Bad Format,username799,555-0799,Missing Symbol LLC
,nobody800@example.com,555-0800,No Identity Corp
Judicious User,judicious.user801@example.com,555-0801,
Wise Person,wise.person802@example.com,555-0802,Wise Tech
Invalid Entry,notemail803,555-0803,Bad Data Corp
Sensible Entry,sensible.entry804@example.com,555-0804,Sensible Solutions
Bad Email,user@805,555-0805,Missing Domain LLC
,anon806@example.com,555-0806,Anonymous LLC
Reasonable User,reasonable.user807@example.com,555-0807,
Rational Person,rational.person808@example.com,555-0808,Rational Tech
Invalid Format,baduser809,555-0809,Format Error Inc
Logical Entry,logical.entry810@example.com,555-0810,Logical Solutions
Bad Entry,@missing811,555-0811,Domain Error Inc
,missing812@example.com,555-0812,No Name LLC
Sound User,sound.user813@example.com,555-0813,
Sane Person,sane.person814@example.com,555-0814,Sane Tech
Invalid User,notemail815,555-0815,Bad Email Inc
Level Headed,levelheaded.entry816@example.com,555-0816,Level Headed Solutions
Bad Format,username817,555-0817,Missing At Inc
,anon818@example.com,555-0818,Anonymous Corp
Balanced User,balanced.user819@example.com,555-0819,
Even Person,even.person820@example.com,555-0820,Even Tech
Invalid Entry,badformat821,555-0821,Error Corp
Composed Entry,composed.entry822@example.com,555-0822,Composed Solutions
Bad Email,user@823,555-0823,TLD Missing LLC
,missing824@example.com,555-0824,No Identity Inc
Calm User,calm.user825@example.com,555-0825,
Serene Person,serene.person826@example.com,555-0826,Serene Tech
Invalid Format,notemail827,555-0827,Bad Data LLC
Tranquil Entry,tranquil.entry828@example.com,555-0828,Tranquil Solutions
Bad Entry,@domain829,555-0829,Invalid Inc
,anon830@example.com,555-0830,Anonymous Inc
Peaceful User,peaceful.user831@example.com,555-0831,
Quiet Person,quiet.person832@example.com,555-0832,Quiet Tech
Invalid User,baduser833,555-0833,Format Error LLC
Still Entry,still.entry834@example.com,555-0834,Still Solutions
Bad Format,username835,555-0835,Missing Symbol Inc
,nobody836@example.com,555-0836,No Name Corp
Placid User,placid.user837@example.com,555-0837,
Gentle Person,gentle.person838@example.com,555-0838,Gentle Tech
Invalid Entry,notemail839,555-0839,Bad Email Corp
Mild Entry,mild.entry840@example.com,555-0840,Mild Solutions
Bad Email,user@841,555-0841,Missing Domain Inc
,missing842@example.com,555-0842,Anonymous LLC
Soft User,soft.user843@example.com,555-0843,
Tender Person,tender.person844@example.com,555-0844,Tender Tech
Invalid Format,badformat845,555-0845,Error LLC
Delicate Entry,delicate.entry846@example.com,555-0846,Delicate Solutions
Bad Entry,@missing847,555-0847,Domain Error Corp
,anon848@example.com,555-0848,No Identity LLC
Subtle User,subtle.user849@example.com,555-0849,
Light Person,light.person850@example.com,555-0850,Light Tech
Invalid User,notemail851,555-0851,Bad Data Inc
Faint Entry,faint.entry852@example.com,555-0852,Faint Solutions
Bad Format,username853,555-0853,Missing At Corp
,missing854@example.com,555-0854,Anonymous Inc
Slight User,slight.user855@example.com,555-0855,
Minor Person,minor.person856@example.com,555-0856,Minor Tech
Invalid Entry,baduser857,555-0857,Format Error Inc
Small Entry,small.entry858@example.com,555-0858,Small Solutions
Bad Email,user@859,555-0859,TLD Missing Corp
,anon860@example.com,555-0860,No Name Inc
Little User,little.user861@example.com,555-0861,
Tiny Person,tiny.person862@example.com,555-0862,Tiny Tech
Invalid Format,notemail863,555-0863,Bad Email LLC
Minute Entry,minute.entry864@example.com,555-0864,Minute Solutions
Bad Entry,@domain865,555-0865,Invalid Corp
,missing866@example.com,555-0866,Anonymous LLC
Petite User,petite.user867@example.com,555-0867,
Compact Person,compact.person868@example.com,555-0868,Compact Tech
Invalid User,badformat869,555-0869,Error Inc
Miniature Entry,miniature.entry870@example.com,555-0870,Miniature Solutions
Bad Format,username871,555-0871,Missing Symbol LLC
,nobody872@example.com,555-0872,No Identity Corp
Diminutive User,diminutive.user873@example.com,555-0873,
Wee Person,wee.person874@example.com,555-0874,Wee Tech
Invalid Entry,notemail875,555-0875,Bad Data Corp
Microscopic Entry,microscopic.entry876@example.com,555-0876,Microscopic Solutions
Bad Email,user@877,555-0877,Missing Domain LLC
,anon878@example.com,555-0878,Anonymous Inc
Infinitesimal User,infinitesimal.user879@example.com,555-0879,
Atomic Person,atomic.person880@example.com,555-0880,Atomic Tech
Invalid Format,baduser881,555-0881,Format Error Inc
Molecular Entry,molecular.entry882@example.com,555-0882,Molecular Solutions
Bad Entry,@missing883,555-0883,Domain Error LLC
,missing884@example.com,555-0884,No Name LLC
Subatomic User,subatomic.user885@example.com,555-0885,
Quantum Person,quantum.person886@example.com,555-0886,Quantum Tech
Invalid User,notemail887,555-0887,Bad Email Inc
Nano Entry,nano.entry888@example.com,555-0888,Nano Solutions
Bad Format,username889,555-0889,Missing At Inc
,anon890@example.com,555-0890,Anonymous Corp
Micro User,micro.user891@example.com,555-0891,
Pico Person,pico.person892@example.com,555-0892,Pico Tech
Invalid Entry,badformat893,555-0893,Error Corp
Femto Entry,femto.entry894@example.com,555-0894,Femto Solutions
Bad Email,user@895,555-0895,TLD Missing LLC
,missing896@example.com,555-0896,No Identity Inc
Atto User,atto.user897@example.com,555-0897,
Zepto Person,zepto.person898@example.com,555-0898,Zepto Tech
Invalid Format,notemail899,555-0899,Bad Data LLC
Yocto Entry,yocto.entry900@example.com,555-0900,Yocto Solutions
Bad Entry,@domain901,555-0901,Invalid Inc
,anon902@example.com,555-0902,Anonymous LLC
Planck User,planck.user903@example.com,555-0903,
Absolute Person,absolute.person904@example.com,555-0904,Absolute Tech
Invalid User,baduser905,555-0905,Format Error LLC
Ultimate Entry,ultimate.entry906@example.com,555-0906,Ultimate Solutions
Bad Format,username907,555-0907,Missing Symbol Inc
,nobody908@example.com,555-0908,No Name Corp
Final User,final.user909@example.com,555-0909,
Last Person,last.person910@example.com,555-0910,Last Tech
Invalid Entry,notemail911,555-0911,Bad Email Corp
Terminal Entry,terminal.entry912@example.com,555-0912,Terminal Solutions
Bad Email,user@913,555-0913,Missing Domain Inc
,missing914@example.com,555-0914,Anonymous Inc
Ending User,ending.user915@example.com,555-0915,
Concluding Person,concluding.person916@example.com,555-0916,Concluding Tech
Invalid Format,badformat917,555-0917,Error LLC
Closing Entry,closing.entry918@example.com,555-0918,Closing Solutions
Bad Entry,@missing919,555-0919,Domain Error Corp
,anon920@example.com,555-0920,No Identity LLC
Finishing User,finishing.user921@example.com,555-0921,
Completing Person,completing.person922@example.com,555-0922,Completing Tech
Invalid User,notemail923,555-0923,Bad Data Inc
Culminating Entry,culminating.entry924@example.com,555-0924,Culminating Solutions
Bad Format,username925,555-0925,Missing At Corp
,missing926@example.com,555-0926,Anonymous LLC
Terminating User,terminating.user927@example.com,555-0927,
Ceasing Person,ceasing.person928@example.com,555-0928,Ceasing Tech
Invalid Entry,baduser929,555-0929,Format Error Inc
Stopping Entry,stopping.entry930@example.com,555-0930,Stopping Solutions
Bad Email,user@931,555-0931,TLD Missing Corp
,anon932@example.com,555-0932,No Name Inc
Halting User,halting.user933@example.com,555-0933,
Pausing Person,pausing.person934@example.com,555-0934,Pausing Tech
Invalid Format,notemail935,555-0935,Bad Email LLC
Suspending Entry,suspending.entry936@example.com,555-0936,Suspending Solutions
Bad Entry,@domain937,555-0937,Invalid Corp
,missing938@example.com,555-0938,Anonymous Inc
Interrupting User,interrupting.user939@example.com,555-0939,
Breaking Person,breaking.person940@example.com,555-0940,Breaking Tech
Invalid User,badformat941,555-0941,Error LLC
Discontinuing Entry,discontinuing.entry942@example.com,555-0942,Discontinuing Solutions
Bad Format,username943,555-0943,Missing Symbol LLC
,nobody944@example.com,555-0944,No Identity Corp
Arresting User,arresting.user945@example.com,555-0945,
Checking Person,checking.person946@example.com,555-0946,Checking Tech
Invalid Entry,notemail947,555-0947,Bad Data Corp
Restraining Entry,restraining.entry948@example.com,555-0948,Restraining Solutions
Bad Email,user@949,555-0949,Missing Domain LLC
,anon950@example.com,555-0950,Anonymous LLC
Curbing User,curbing.user951@example.com,555-0951,
Limiting Person,limiting.person952@example.com,555-0952,Limiting Tech
Invalid Format,baduser953,555-0953,Format Error Inc
Restricting Entry,restricting.entry954@example.com,555-0954,Restricting Solutions
Bad Entry,@missing955,555-0955,Domain Error Inc
,missing956@example.com,555-0956,No Name LLC
Constraining User,constraining.user957@example.com,555-0957,
Confining Person,confining.person958@example.com,555-0958,Confining Tech
Invalid User,notemail959,555-0959,Bad Email Inc
Bounding Entry,bounding.entry960@example.com,555-0960,Bounding Solutions
Bad Format,username961,555-0961,Missing At Inc
,anon962@example.com,555-0962,Anonymous Corp
Delimiting User,delimiting.user963@example.com,555-0963,
Circumscribing Person,circumscribing.person964@example.com,555-0964,Circumscribing Tech
Invalid Entry,badformat965,555-0965,Error Corp
Demarcating Entry,demarcating.entry966@example.com,555-0966,Demarcating Solutions
Bad Email,user@967,555-0967,TLD Missing LLC
,missing968@example.com,555-0968,No Identity Inc
Defining User,defining.user969@example.com,555-0969,
Specifying Person,specifying.person970@example.com,555-0970,Specifying Tech
Invalid Format,notemail971,555-0971,Bad Data LLC
Designating Entry,designating.entry972@example.com,555-0972,Designating Solutions
Bad Entry,@domain973,555-0973,Invalid Inc
,anon974@example.com,555-0974,Anonymous Inc
Stipulating User,stipulating.user975@example.com,555-0975,
Prescribing Person,prescribing.person976@example.com,555-0976,Prescribing Tech
Invalid User,baduser977,555-0977,Format Error LLC
Ordaining Entry,ordaining.entry978@example.com,555-0978,Ordaining Solutions
Bad Format,username979,555-0979,Missing Symbol Inc
,nobody980@example.com,555-0980,No Name Corp
Decreeing User,decreeing.user981@example.com,555-0981,
Dictating Person,dictating.person982@example.com,555-0982,Dictating Tech
Invalid Entry,notemail983,555-0983,Bad Email Corp
Commanding Entry,commanding.entry984@example.com,555-0984,Commanding Solutions
Bad Email,user@985,555-0985,Missing Domain Inc
,missing986@example.com,555-0986,Anonymous LLC
Directing User,directing.user987@example.com,555-0987,
Ordering Person,ordering.person988@example.com,555-0988,Ordering Tech
Invalid Format,badformat989,555-0989,Error LLC
Instructing Entry,instructing.entry990@example.com,555-0990,Instructing Solutions
Bad Entry,@missing991,555-0991,Domain Error Corp
,anon992@example.com,555-0992,No Identity LLC
Mandating User,mandating.user993@example.com,555-0993,
Requiring Person,requiring.person994@example.com,555-0994,Requiring Tech
Invalid User,notemail995,555-0995,Bad Data Inc
Demanding Entry,demanding.entry996@example.com,555-0996,Demanding Solutions
Bad Format,username997,555-0997,Missing At Corp
,missing998@example.com,555-0998,Anonymous Inc
Compelling User,compelling.user999@example.com,555-0999,
Final Valid Entry,final.valid1000@example.com,555-1000,Last Company Ever